{
  "bot_states": [
    {
      "ID": 0,
      "direction": 5.7269688373804088,
      "state": {},
      "x_position": -54.0,
      "y_position": -33.0
    },
    {
      "ID": 1,
      "direction": -132.14180267595034,
      "state": {},
      "x_position": -34.0,
      "y_position": -78.0
    },
    {
      "ID": 2,
      "direction": -32.141802675950338,
      "state": {},
      "x_position": 16.0,
      "y_position": -86.0
    },
    {
      "ID": 3,
      "direction": -12.141802675950339,
      "state": {},
      "x_position": 39.0,
      "y_position": -36.0
    },
    {
      "ID": 4,
      "direction": -12.141802675950339,
      "state": {},
      "x_position": -9.0,
      "y_position": -11.0
    }
  ],
  "ticks": 638
}