{
  "bot_states": [
    {
      "ID": 0,
      "direction": 5.7269688373804088,
      "state": {},
      "x_position": -70.900863330484285,
      "y_position": 70.4895537075976648
    },
    {
      "ID": 1,
      "direction": -132.14180267595034,
      "state": {},
      "x_position": -76.053018924909047,
      "y_position": -75.928440210936703
    },
    {
      "ID": 2,
      "direction": -32.14180267595034,
      "state": {},
      "x_position": 76.053018924909047,
      "y_position": -75.928440210936703
    },
    {
      "ID": 3,
      "direction": -12.14180267595034,
      "state": {},
      "x_position": 76.053018924909047,
      "y_position": 70.928440210936703
    },
    {
      "ID": 4,
      "direction": -12.14180267595034,
      "state": {},
      "x_position": 0.0,
      "y_position": 0.928440210936703
    }




  ],

  "ticks": 7292
}